name,stage_name,bio,profile_image_url,nationality,lastmod
Lena Paul,Lena Paul: American adult performer. Full videos and popular clips.,https://dareloom.fun/images/lena-paul.jpg,American,2025-05-14
Lena Nitro,Lena Nitro: European adult star. Full-length videos and trending clips.,https://dareloom.fun/images/lena-nitro.jpg,European,2025-05-14
Lena Sands,Lena Sands: American adult performer. Full videos and popular clips.,https://dareloom.fun/images/lena-sands.jpg,American,2025-05-13
Lena Sweet,Lena Sweet: European adult star. Full-length videos and trending clips.,https://dareloom.fun/images/lena-sweet.jpg,European,2025-05-13
Lea Lexis,Lea Lexis: American adult performer. Full videos and popular clips.,https://dareloom.fun/images/lea-lexis.jpg,American,2025-05-12
Leah Gotti,Leah Gotti: European adult star. Full-length videos and trending clips.,https://dareloom.fun/images/leah-gotti.jpg,European,2025-05-12
Leah Lee,Leah Lee: American adult performer. Full videos and popular clips.,https://dareloom.fun/images/leah-lee.jpg,American,2025-05-11
Leah Luv,Leah Luv: European adult star. Full-length videos and trending clips.,https://dareloom.fun/images/leah-luv.jpg,European,2025-05-11
Lea Wood,Lea Wood: American adult performer. Full videos and popular clips.,https://dareloom.fun/images/lea-wood.jpg,American,2025-05-10
Lea Darling,Lea Darling: European adult star. Full-length videos and trending clips.,https://dareloom.fun/images/lea-darling.jpg,European,2025-05-10
Lexi Belle,Lexi Belle: American adult performer. Full videos and popular clips.,https://dareloom.fun/images/lexi-belle.jpg,American,2025-05-09
Lexi Luna,Lexi Luna: European adult star. Full-length videos and trending clips.,https://dareloom.fun/images/lexi-luna.jpg,European,2025-05-09
Lexi Love,Lexi Love: American adult performer. Full videos and popular clips.,https://dareloom.fun/images/lexi-love.jpg,American,2025-05-08
Lexi Diamond,Lexi Diamond: European adult star. Full-length videos and trending clips.,https://dareloom.fun/images/lexi-diamond.jpg,European,2025-05-08
Lexi K,Lexi K: American adult performer. Full videos and popular clips.,https://dareloom.fun/images/lexi-k.jpg,American,2025-05-07
Lexi Stone,Lexi Stone: European adult star. Full-length videos and trending clips.,https://dareloom.fun/images/lexi-stone.jpg,European,2025-05-07
Lexi Swallow,Lexi Swallow: American adult performer. Full videos and popular clips.,https://dareloom.fun/images/lexi-swallow.jpg,American,2025-05-06
Lexi Belle,Lexi Belle: European adult star. Full-length videos and trending clips.,https://dareloom.fun/images/lexi-belle.jpg,European,2025-05-06
Lilly Ford,Lilly Ford: American adult performer. Full videos and popular clips.,https://dareloom.fun/images/lilly-ford.jpg,American,2025-05-05
Lily Labeau,Lily Labeau: European adult star. Full-length videos and trending clips.,https://dareloom.fun/images/lily-labeau.jpg,European,2025-05-05
Lily Larimar,Lily Larimar: American adult performer. Full videos and popular clips.,https://dareloom.fun/images/lily-larimar.jpg,American,2025-05-04
Lily Love,Lily Love: European adult star. Full-length videos and trending clips.,https://dareloom.fun/images/lily-love.jpg,European,2025-05-04
Lily Rader,Lily Rader: American adult performer. Full videos and popular clips.,https://dareloom.fun/images/lily-rader.jpg,American,2025-05-03
Lily Adams,Lily Adams: European adult star. Full-length videos and trending clips.,https://dareloom.fun/images/lily-adams.jpg,European,2025-05-03
Lily Laroux,Lily Laroux: American adult performer. Full videos and popular clips.,https://dareloom.fun/images/lily-laroux.jpg,American,2025-05-02
Lily Carter,Lily Carter: European adult star. Full-length videos and trending clips.,https://dareloom.fun/images/lily-carter.jpg,European,2025-05-02
Lily Love,Lily Love: American adult performer. Full videos and popular clips.,https://dareloom.fun/images/lily-love.jpg,American,2025-05-01
Lily Star,Lily Star: European adult star. Full-length videos and trending clips.,https://dareloom.fun/images/lily-star.jpg,European,2025-05-01
Lily White,Lily White: American adult performer. Full videos and popular clips.,https://dareloom.fun/images/lily-white.jpg,American,2025-04-30
Lily Starr,Lily Starr: European adult star. Full-length videos and trending clips.,https://dareloom.fun/images/lily-starr.jpg,European,2025-04-30
Lily Lane,Lily Lane: American adult performer. Full videos and popular clips.,https://dareloom.fun/images/lily-lane.jpg,American,2025-04-29
Lily May,Lily May: European adult star. Full-length videos and trending clips.,https://dareloom.fun/images/lily-may.jpg,European,2025-04-29
Lily Love,Lily Love: American adult performer. Full videos and popular clips.,https://dareloom.fun/images/lily-love.jpg,American,2025-04-28
Lily Rae,Lily Rae: European adult star. Full-length videos and trending clips.,https://dareloom.fun/images/lily-rae.jpg,European,2025-04-28
Lily Rose,Lily Rose: American adult performer. Full videos and popular clips.,https://dareloom.fun/images/lily-rose.jpg,American,2025-04-27
Lily V,Lily V: European adult star. Full-length videos and trending clips.,https://dareloom.fun/images/lily-v.jpg,European,2025-04-27
Lily Love,Lily Love: American adult performer. Full videos and popular clips.,https://dareloom.fun/images/lily-love.jpg,American,2025-04-26
Lily Bliss,Lily Bliss: European adult star. Full-length videos and trending clips.,https://dareloom.fun/images/lily-bliss.jpg,European,2025-04-26
Lily Eden,Lily Eden: American adult performer. Full videos and popular clips.,https://dareloom.fun/images/lily-eden.jpg,American,2025-04-25
Lily Black,Lily Black: European adult star. Full-length videos and trending clips.,https://dareloom.fun/images/lily-black.jpg,European,2025-04-25
Lily Love,Lily Love: American adult performer. Full videos and popular clips.,https://dareloom.fun/images/lily-love.jpg,American,2025-04-24
Lily Sparks,Lily Sparks: European adult star. Full-length videos and trending clips.,https://dareloom.fun/images/lily-sparks.jpg,European,2025-04-24
Lily Summers,Lily Summers: American adult performer. Full videos and popular clips.,https://dareloom.fun/images/lily-summers.jpg,American,2025-04-23
Lily Starr,Lily Starr: European adult star. Full-length videos and trending clips.,https://dareloom.fun/images/lily-starr.jpg,European,2025-04-23
Lily Joy,Lily Joy: American adult performer. Full videos and popular clips.,https://dareloom.fun/images/lily-joy.jpg,American,2025-04-22
Lily White,Lily White: European adult star. Full-length videos and trending clips.,https://dareloom.fun/images/lily-white.jpg,European,2025-04-22
Lily Love,Lily Love: American adult performer. Full videos and popular clips.,https://dareloom.fun/images/lily-love.jpg,American,2025-04-21
Lily Eve,Lily Eve: European adult star. Full-length videos and trending clips.,https://dareloom.fun/images/lily-eve.jpg,European,2025-04-21
name,stage_name,bio,profile_image_url,nationality,lastmod
Kimberly Kane,Kimberly Kane: American adult performer. Full videos and popular scenes.,https://dareloom.fun/images/kimberly-kane.jpg,American,2025-06-06
Kimber Woods,Kimber Woods: European adult star. Full-length videos and trending clips.,https://dareloom.fun/images/kimber-woods.jpg,European,2025-06-06
Kianna Dior,Kianna Dior: American adult performer. Full videos and popular clips.,https://dareloom.fun/images/kianna-dior.jpg,American,2025-06-05
Kiley Jay,Kiley Jay: European adult star. Full-length videos and trending clips.,https://dareloom.fun/images/kiley-jay.jpg,European,2025-06-05
Kira Noir,Kira Noir: American adult performer. Full videos and popular clips.,https://dareloom.fun/images/kira-noir.jpg,American,2025-06-04
Kira Queen,Kira Queen: European adult star. Full-length videos and trending scenes.,https://dareloom.fun/images/kira-queen.jpg,European,2025-06-04
Kira Thorn,Kira Thorn: American adult performer. Full videos and popular clips.,https://dareloom.fun/images/kira-thorn.jpg,American,2025-06-03
Kirsten Price,Kirsten Price: European adult star. Full-length videos and trending clips.,https://dareloom.fun/images/kirsten-price.jpg,European,2025-06-03
Kristal Summers,Kristal Summers: American adult performer. Full videos and popular clips.,https://dareloom.fun/images/kristal-summers.jpg,American,2025-06-02
Kristen Scott,Kristen Scott: European adult star. Full-length videos and trending clips.,https://dareloom.fun/images/kristen-scott.jpg,European,2025-06-02
Kristen Scott,Kristen Scott: American adult performer. Full videos and popular clips.,https://dareloom.fun/images/kristen-scott.jpg,American,2025-06-01
Krissy Lynn,Krissy Lynn: European adult star. Full-length videos and trending clips.,https://dareloom.fun/images/krissy-lynn.jpg,European,2025-06-01
Krista Allen,Krista Allen: American adult performer. Full videos and popular clips.,https://dareloom.fun/images/krista-allen.jpg,American,2025-05-31
Krista Ayne,Krista Ayne: European adult star. Full-length videos and trending clips.,https://dareloom.fun/images/krista-ayne.jpg,European,2025-05-31
Krista Kelly,Krista Kelly: American adult performer. Full videos and popular clips.,https://dareloom.fun/images/krista-kelly.jpg,American,2025-05-30
Kristina Rose,Kristina Rose: European adult star. Full-length videos and trending clips.,https://dareloom.fun/images/kristina-rose.jpg,European,2025-05-30
Kristy Black,Kristy Black: American adult performer. Full videos and popular clips.,https://dareloom.fun/images/kristy-black.jpg,American,2025-05-29
Kristy Love,Kristy Love: European adult star. Full-length videos and trending clips.,https://dareloom.fun/images/kristy-love.jpg,European,2025-05-29
Kristy Marie,Kristy Marie: American adult performer. Full videos and popular clips.,https://dareloom.fun/images/kristy-marie.jpg,American,2025-05-28
Kristy White,Kristy White: European adult star. Full-length videos and trending clips.,https://dareloom.fun/images/kristy-white.jpg,European,2025-05-28
Krystal Boyd,Krystal Boyd: American adult performer. Full videos and popular clips.,https://dareloom.fun/images/krystal-boyd.jpg,American,2025-05-27
Krystal Swift,Krystal Swift: European adult star. Full-length videos and trending clips.,https://dareloom.fun/images/krystal-swift.jpg,European,2025-05-27
Krystal Vee,Krystal Vee: American adult performer. Full videos and popular clips.,https://dareloom.fun/images/krystal-vee.jpg,American,2025-05-26
Krystianna,Krystianna: European adult star. Full-length videos and trending clips.,https://dareloom.fun/images/krystianna.jpg,European,2025-05-26
Krystina Taylor,Krystina Taylor: American adult performer. Full videos and popular clips.,https://dareloom.fun/images/krystina-taylor.jpg,American,2025-05-25
Krystyna Taylor,Krystyna Taylor: European adult star. Full-length videos and trending clips.,https://dareloom.fun/images/krystyna-taylor.jpg,European,2025-05-25
Kyler Quinn,Kyler Quinn: American adult performer. Full videos and popular clips.,https://dareloom.fun/images/kyler-quinn.jpg,American,2025-05-24
Kyra Hot,Kyra Hot: European adult star. Full-length videos and trending clips.,https://dareloom.fun/images/kyra-hot.jpg,European,2025-05-24
Kyra Kennedy,Kyra Kennedy: American adult performer. Full videos and popular clips.,https://dareloom.fun/images/kyra-kennedy.jpg,American,2025-05-23
Kyra Noir,Kyra Noir: European adult star. Full-length videos and trending clips.,https://dareloom.fun/images/kyra-noir.jpg,European,2025-05-23
Kyra Silver,Kyra Silver: American adult performer. Full videos and popular clips.,https://dareloom.fun/images/kyra-silver.jpg,American,2025-05-22
Kyra Zuma,Kyra Zuma: European adult star. Full-length videos and trending clips.,https://dareloom.fun/images/kyra-zuma.jpg,European,2025-05-22
Lacey Channing,Lacey Channing: American adult performer. Full videos and popular clips.,https://dareloom.fun/images/lacey-channing.jpg,American,2025-05-21
Lacey Duvalle,Lacey Duvalle: European adult star. Full-length videos and trending clips.,https://dareloom.fun/images/lacey-duvalle.jpg,European,2025-05-21
Lacey Donovan,Lacey Donovan: American adult performer. Full videos and popular clips.,https://dareloom.fun/images/lacey-donovan.jpg,American,2025-05-20
Lacey Love,Lacey Love: European adult star. Full-length videos and trending clips.,https://dareloom.fun/images/lacey-love.jpg,European,2025-05-20
Lacy Lennon,Lacy Lennon: American adult performer. Full videos and popular clips.,https://dareloom.fun/images/lacy-lennon.jpg,American,2025-05-19
Lana Lopez,Lana Lopez: European adult star. Full-length videos and trending clips.,https://dareloom.fun/images/lana-lopez.jpg,European,2025-05-19
Lana Rhoades,Lana Rhoades: American adult performer. Full videos and popular clips.,https://dareloom.fun/images/lana-rhoades.jpg,American,2025-05-18
Lana Violet,Lana Violet: European adult star. Full-length videos and trending clips.,https://dareloom.fun/images/lana-violet.jpg,European,2025-05-18
Lana Wood,Lana Wood: American adult performer. Full videos and popular clips.,https://dareloom.fun/images/lana-wood.jpg,American,2025-05-17
Lani Lane,Lani Lane: European adult star. Full-length videos and trending clips.,https://dareloom.fun/images/lani-lane.jpg,European,2025-05-17
Latina Spice,Latina Spice: American adult performer. Full videos and popular clips.,https://dareloom.fun/images/latina-spice.jpg,American,2025-05-16
Laura Angel,Laura Angel: European adult star. Full-length videos and trending clips.,https://dareloom.fun/images/laura-angel.jpg,European,2025-05-16
Laura Bailey,Laura Bailey: American adult performer. Full videos and popular clips.,https://dareloom.fun/images/laura-bailey.jpg,American,2025-05-15
Laura León,Laura León: European adult star. Full-length videos and trending clips.,https://dareloom.fun/images/laura-leon.jpg,European,2025-05-15
name,stage_name,bio,profile_image_url,nationality,lastmod
Jessica Drake,Jessica Drake: American adult performer. Full videos and popular scenes.,https://dareloom.fun/images/jessica-drake.jpg,American,2025-06-29
Jessica Jay,Jessica Jay: European adult star. Full-length videos and trending clips.,https://dareloom.fun/images/jessica-jay.jpg,European,2025-06-29
Jewel De'Nyle,Jewel De'Nyle: American adult performer. Classic videos and full scenes.,https://dareloom.fun/images/jewel-denyle.jpg,American,2025-06-28
Jewelz Blu,Jewelz Blu: European adult star. Full videos and popular clips.,https://dareloom.fun/images/jewelz-blu.jpg,European,2025-06-28
Jill Kelly,Jill Kelly: American adult performer. Full-length videos and trending scenes.,https://dareloom.fun/images/jill-kelly.jpg,American,2025-06-27
Jill Kassidy,Jill Kassidy: European adult star. Full videos and popular clips.,https://dareloom.fun/images/jill-kassidy.jpg,European,2025-06-27
Jillian Janson,Jillian Janson: American adult performer. Full videos and trending clips.,https://dareloom.fun/images/jillian-janson.jpg,American,2025-06-26
Jillian Michaels,Jillian Michaels: European adult star. Full-length videos and popular scenes.,https://dareloom.fun/images/jillian-michaels.jpg,European,2025-06-26
Joanna Angel,Joanna Angel: American adult performer. Full videos and trending clips.,https://dareloom.fun/images/joanna-angel.jpg,American,2025-06-25
Joanna Cherry,Joanna Cherry: European adult star. Full-length videos and popular clips.,https://dareloom.fun/images/joanna-cherry.jpg,European,2025-06-25
Joi, Joi: American adult performer. Full videos and trending scenes.,https://dareloom.fun/images/joi.jpg,American,2025-06-24
Jolee Love,Jolee Love: European adult star. Full-length videos and popular clips.,https://dareloom.fun/images/jolee-love.jpg,European,2025-06-24
Jordana Brewster,Jordana Brewster: American adult performer. Full videos and popular clips.,https://dareloom.fun/images/jordana-brewster.jpg,American,2025-06-23
Joseline Kelly,Joseline Kelly: European adult star. Full-length videos and trending clips.,https://dareloom.fun/images/joseline-kelly.jpg,European,2025-06-23
Joslyn James,Joslyn James: American adult performer. Full videos and popular clips.,https://dareloom.fun/images/joslyn-james.jpg,American,2025-06-22
Jovana,Jovana: European adult star. Full-length videos and trending scenes.,https://dareloom.fun/images/jovana.jpg,European,2025-06-22
Julia Ann,Julia Ann: American adult performer. Classic videos and popular clips.,https://dareloom.fun/images/julia-ann.jpg,American,2025-06-21
Julia Taylor,Julia Taylor: European adult star. Full-length videos and trending clips.,https://dareloom.fun/images/julia-taylor.jpg,European,2025-06-21
Juliette March,Juliette March: American adult performer. Full videos and popular scenes.,https://dareloom.fun/images/juliette-march.jpg,American,2025-06-20
Julie Cash,Julie Cash: European adult star. Full-length videos and trending clips.,https://dareloom.fun/images/julie-cash.jpg,European,2025-06-20
Julie Night,Julie Night: American adult performer. Full videos and popular clips.,https://dareloom.fun/images/julie-night.jpg,American,2025-06-19
Juliette Laveau,Juliette Laveau: European adult star. Full-length videos and trending clips.,https://dareloom.fun/images/juliette-laveau.jpg,European,2025-06-19
Julie Simone,Julie Simone: American adult performer. Full videos and popular clips.,https://dareloom.fun/images/julie-simone.jpg,American,2025-06-18
Juniper Lee,Juniper Lee: European adult star. Full-length videos and trending scenes.,https://dareloom.fun/images/juniper-lee.jpg,European,2025-06-18
Justine Joli,Justine Joli: American adult performer. Full videos and popular clips.,https://dareloom.fun/images/justine-joli.jpg,American,2025-06-17
Jynx Maze,Jynx Maze: European adult star. Full-length videos and trending clips.,https://dareloom.fun/images/jynx-maze.jpg,European,2025-06-17
Kacey Jordan,Kacey Jordan: American adult performer. Full videos and popular clips.,https://dareloom.fun/images/kacey-jordan.jpg,American,2025-06-16
Kali Roses,Kali Roses: European adult star. Full-length videos and trending scenes.,https://dareloom.fun/images/kali-roses.jpg,European,2025-06-16
Kalina Ryu,Kalina Ryu: American adult performer. Full videos and popular clips.,https://dareloom.fun/images/kalina-ryu.jpg,American,2025-06-15
Kara Lee,Kara Lee: European adult star. Full-length videos and trending clips.,https://dareloom.fun/images/kara-lee.jpg,European,2025-06-15
Karen Fisher,Karen Fisher: American adult performer. Full videos and popular clips.,https://dareloom.fun/images/karen-fisher.jpg,American,2025-06-14
Karma Rx,Karma Rx: European adult star. Full-length videos and trending clips.,https://dareloom.fun/images/karma-rx.jpg,European,2025-06-14
Katrina Jade,Katrina Jade: American adult performer. Full videos and popular clips.,https://dareloom.fun/images/katrina-jade.jpg,American,2025-06-13
Katie Morgan,Katie Morgan: American adult star. Full videos and trending clips.,https://dareloom.fun/images/katie-morgan.jpg,American,2025-06-13
Katie Fey,Katie Fey: European adult performer. Full-length videos and popular clips.,https://dareloom.fun/images/katie-fey.jpg,European,2025-06-12
Kayla Carrera,Kayla Carrera: American adult performer. Full videos and trending clips.,https://dareloom.fun/images/kayla-carrera.jpg,American,2025-06-12
Kayla Paige,Kayla Paige: European adult star. Full-length videos and popular clips.,https://dareloom.fun/images/kayla-paige.jpg,European,2025-06-11
Kayla Michaels,Kayla Michaels: American adult performer. Full videos and trending clips.,https://dareloom.fun/images/kayla-michaels.jpg,American,2025-06-11
Kendra James,Kendra James: European adult star. Full-length videos and popular clips.,https://dareloom.fun/images/kendra-james.jpg,European,2025-06-10
Kenzie Taylor,Kenzie Taylor: American adult performer. Full videos and trending clips.,https://dareloom.fun/images/kenzie-taylor.jpg,American,2025-06-10
Kenzie Reeves,Kenzie Reeves: American adult star. Full videos and popular clips.,https://dareloom.fun/images/kenzie-reeves.jpg,American,2025-06-09
Kenzie Ann,Kenzie Ann: European adult performer. Full-length videos and trending clips.,https://dareloom.fun/images/kenzie-ann.jpg,European,2025-06-09
Kenzie Vee,Kenzie Vee: American adult performer. Full videos and popular clips.,https://dareloom.fun/images/kenzie-vee.jpg,American,2025-06-08
Kiana Rae,Kiana Rae: European adult star. Full-length videos and trending clips.,https://dareloom.fun/images/kiana-rae.jpg,European,2025-06-08
Kiara Cole,Kiara Cole: American adult performer. Full videos and popular clips.,https://dareloom.fun/images/kiara-cole.jpg,American,2025-06-07
Kimmy Granger,Kimmy Granger: American adult star. Full videos and trending clips.,https://dareloom.fun/images/kimmy-granger.jpg,American,2025-06-07
name,stage_name,bio,profile_image_url,nationality,lastmod
Faye Reagan,Faye Reagan: American adult performer. Full videos and trending clips.,https://dareloom.fun/images/faye-reagan.jpg,American,2025-07-23
Faye Valentine,Faye Valentine: European adult star. Full video library and popular scenes.,https://dareloom.fun/images/faye-valentine.jpg,European,2025-07-23
Felicia Day,Felicia Day: American adult performer. Full-length videos and trending scenes.,https://dareloom.fun/images/felicia-day.jpg,American,2025-07-22
Felicity Feline,Felicity Feline: European adult star. Full videos and popular clips.,https://dareloom.fun/images/felicity-feline.jpg,European,2025-07-22
Fiona Valentine,Fiona Valentine: American adult performer. Full video collection and trending scenes.,https://dareloom.fun/images/fiona-valentine.jpg,American,2025-07-21
Flora Cherry,Flora Cherry: European adult star. Full-length videos and popular clips.,https://dareloom.fun/images/flora-cherry.jpg,European,2025-07-21
Francesca Le,Francesca Le: American adult performer. Full videos and trending scenes.,https://dareloom.fun/images/francesca-le.jpg,American,2025-07-20
Francesca Dellera,Francesca Dellera: European adult star. Full-length videos and popular clips.,https://dareloom.fun/images/francesca-dellera.jpg,European,2025-07-20
Francesca Jensen,Francesca Jensen: American adult performer. Full videos and trending clips.,https://dareloom.fun/images/francesca-jensen.jpg,American,2025-07-19
Francesca Bella,Francesca Bella: European adult star. Full-length videos and popular clips.,https://dareloom.fun/images/francesca-bella.jpg,European,2025-07-19
Gina Gerson,Gina Gerson: European adult performer. Full videos and trending scenes.,https://dareloom.fun/images/gina-gerson.jpg,European,2025-07-18
Gina Lynn,Gina Lynn: American adult star. Full-length videos and popular clips.,https://dareloom.fun/images/gina-lynn.jpg,American,2025-07-18
Gianna Michaels,Gianna Michaels: American adult performer. Full videos and trending clips.,https://dareloom.fun/images/gianna-michaels.jpg,American,2025-07-17
Ginger Lynn,Ginger Lynn: American adult star. Classic videos and popular scenes.,https://dareloom.fun/images/ginger-lynn.jpg,American,2025-07-17
Giselle Leon,Giselle Leon: European adult performer. Full-length videos and trending clips.,https://dareloom.fun/images/giselle-leon.jpg,European,2025-07-16
Giselle Palmer,Giselle Palmer: American adult star. Full videos and popular clips.,https://dareloom.fun/images/giselle-palmer.jpg,American,2025-07-16
Gloria Leonard,Gloria Leonard: American adult performer. Classic videos and full scenes.,https://dareloom.fun/images/gloria-leonard.jpg,American,2025-07-15
Gwen Summers,Gwen Summers: European adult star. Full-length videos and trending clips.,https://dareloom.fun/images/gwen-summers.jpg,European,2025-07-15
Hannah Harper,Hannah Harper: American adult performer. Full videos and popular clips.,https://dareloom.fun/images/hannah-harper.jpg,American,2025-07-14
Hannah Hays,Hannah Hays: American adult star. Full video collection and trending scenes.,https://dareloom.fun/images/hannah-hays.jpg,American,2025-07-14
Heather Vahn,Heather Vahn: European adult performer. Full-length videos and popular clips.,https://dareloom.fun/images/heather-vahn.jpg,European,2025-07-13
Heather Starlet,Heather Starlet: American adult star. Full videos and trending scenes.,https://dareloom.fun/images/heather-starlet.jpg,American,2025-07-13
Holly Michaels,Holly Michaels: American adult performer. Full-length videos and popular clips.,https://dareloom.fun/images/holly-michaels.jpg,American,2025-07-12
Holly Sampson,Holly Sampson: American adult star. Full videos and trending scenes.,https://dareloom.fun/images/holly-sampson.jpg,American,2025-07-12
Holly Randall,Holly Randall: American adult performer and photographer. Full-length videos and popular clips.,https://dareloom.fun/images/holly-randall.jpg,American,2025-07-11
Holly West,Holly West: European adult star. Full videos and trending clips.,https://dareloom.fun/images/holly-west.jpg,European,2025-07-11
Holly Heart,Holly Heart: American adult performer. Full-length videos and popular clips.,https://dareloom.fun/images/holly-heart.jpg,American,2025-07-10
Holly Halston,Holly Halston: European adult star. Full videos and trending clips.,https://dareloom.fun/images/holly-halston.jpg,European,2025-07-10
Isabella De Santos,Isabella De Santos: American adult performer. Full-length videos and popular clips.,https://dareloom.fun/images/isabella-de-santos.jpg,American,2025-07-09
Isabella Rain,Isabella Rain: European adult star. Full videos and trending clips.,https://dareloom.fun/images/isabella-rain.jpg,European,2025-07-09
Ivy Wolfe,Ivy Wolfe: American adult performer. Full videos and popular clips.,https://dareloom.fun/images/ivy-wolfe.jpg,American,2025-07-08
Ivy Lebelle,Ivy Lebelle: European adult star. Full-length videos and trending clips.,https://dareloom.fun/images/ivy-lebelle.jpg,European,2025-07-08
Izzy Bell,Izzy Bell: American adult performer. Full videos and trending clips.,https://dareloom.fun/images/izzy-bell.jpg,American,2025-07-07
Jade Hsu,Jade Hsu: European adult star. Full-length videos and popular clips.,https://dareloom.fun/images/jade-hsu.jpg,European,2025-07-07
Jada Stevens,Jada Stevens: American adult performer. Full videos and trending clips.,https://dareloom.fun/images/jada-stevens.jpg,American,2025-07-06
Jada Kai,Jada Kai: European adult star. Full-length videos and popular clips.,https://dareloom.fun/images/jada-kai.jpg,European,2025-07-06
Janelle Janson,Janelle Janson: American adult performer. Full videos and trending clips.,https://dareloom.fun/images/janelle-janson.jpg,American,2025-07-05
Janice Griffith,Janice Griffith: American adult star. Full video collection and popular clips.,https://dareloom.fun/images/janice-griffith.jpg,American,2025-07-05
Janice Lynn,Janice Lynn: European adult performer. Full-length videos and trending clips.,https://dareloom.fun/images/janice-lynn.jpg,European,2025-07-04
Janet Mason,Janet Mason: American adult performer. Full videos and popular clips.,https://dareloom.fun/images/janet-mason.jpg,American,2025-07-04
Janet Joy,Janet Joy: European adult star. Full-length videos and trending clips.,https://dareloom.fun/images/janet-joy.jpg,European,2025-07-03
Jasmine Jae,Jasmine Jae: European adult performer. Full videos and popular clips.,https://dareloom.fun/images/jasmine-jae.jpg,European,2025-07-03
Jasmine Rouge,Jasmine Rouge: American adult star. Full-length videos and trending clips.,https://dareloom.fun/images/jasmine-rouge.jpg,American,2025-07-02
Jenna Presley,Jenna Presley: American adult performer. Full videos and popular clips.,https://dareloom.fun/images/jenna-presley.jpg,American,2025-07-02
Jenna Sativa,Jenna Sativa: European adult star. Full-length videos and trending clips.,https://dareloom.fun/images/jenna-sativa.jpg,European,2025-07-01
Jenna Reece,Jenna Reece: American adult performer. Full videos and popular clips.,https://dareloom.fun/images/jenna-reece.jpg,American,2025-07-01
Jenna Hunter,Jenna Hunter: European adult star. Full-length videos and trending clips.,https://dareloom.fun/images/jenna-hunter.jpg,European,2025-06-30
Jessica Jaymes,Jessica Jaymes: American adult performer. Full videos and popular clips.,https://dareloom.fun/images/jessica-jaymes.jpg,American,2025-06-30
